--Invoices
INSERT INTO mst.invoice (id, event_id, merchant_id, shop_id, status, amount, currency_code, created_at, changed_at, model, data) VALUES ('l6KYVmwvgW', 3, '74480e4f-1a36-4edd-8175-7a9e984313b0', '1', 'unpaid', 1775000, 'RUB', '2016-10-25 15:16:05.977236', '2016-10-25 15:16:05.977236', '{"1":{"str":"l6KYVmwvgW"},"2":{"rec":{"1":{"str":"74480e4f-1a36-4edd-8175-7a9e984313b0"},"2":{"i64":2}}},"3":{"str":"1"},"4":{"str":"2016-10-25T12:16:05.977236Z"},"5":{"i64":1},"6":{"rec":{"1":{"rec":{}}}},"7":{"str":"2016-10-26T12:16:05Z"},"8":{"str":"55"},"9":{"str":"1x phone, 3x Дакимакура"},"10":{"rec":{"1":{"i64":1775000},"2":{"rec":{"1":{"str":"Russian rubles"},"2":{"str":"RUB"},"3":{"i16":643},"4":{"i16":2}}}}},"11":{"rec":{"1":{"str":"application/json"},"2":{"str":"eyJ0ZXN0IjoidGVzdCJ9"}}}}', '{"id":"l6KYVmwvgW","owner":{"id":"74480e4f-1a36-4edd-8175-7a9e984313b0","revision":2},"shop_id":"1","created_at":"2016-10-25T12:16:05.977236Z","domain_revision":1,"status":{"unpaid":{}},"due":"2016-10-26T12:16:05Z","product":"55","description":"1x phone, 3x Дакимакура","cost":{"amount":1775000,"currency":{"name":"Russian rubles","symbolic_code":"RUB","numeric_code":643,"exponent":2}},"context":{"type":"application/json","data":"{\"test\":\"test\"}"}}');
INSERT INTO mst.invoice (id, event_id, merchant_id, shop_id, status, amount, currency_code, created_at, changed_at, model, data) VALUES ('l6MKIV4tZQ', 4, '74480e4f-1a36-4edd-8175-7a9e984313b0', '1', 'paid', 2366000, 'RUB', '2016-10-25 15:40:52.714380', '2016-10-25 15:42:22.738495', '{"1":{"str":"l6MKIV4tZQ"},"2":{"rec":{"1":{"str":"74480e4f-1a36-4edd-8175-7a9e984313b0"},"2":{"i64":2}}},"3":{"str":"1"},"4":{"str":"2016-10-25T12:40:52.714380Z"},"5":{"i64":1},"6":{"rec":{"2":{"rec":{}}}},"7":{"str":"2016-10-26T12:40:52Z"},"8":{"str":"56"},"9":{"str":"1x phone, 4x Дакимакура"},"10":{"rec":{"1":{"i64":2366000},"2":{"rec":{"1":{"str":"Russian rubles"},"2":{"str":"RUB"},"3":{"i16":643},"4":{"i16":2}}}}},"11":{"rec":{"1":{"str":"application/json"},"2":{"str":"eyJ0ZXN0IjoidGVzdCJ9"}}}}', '{"id":"l6MKIV4tZQ","owner":{"id":"74480e4f-1a36-4edd-8175-7a9e984313b0","revision":2},"shop_id":"1","created_at":"2016-10-25T12:40:52.714380Z","domain_revision":1,"status":{"paid":{}},"due":"2016-10-26T12:40:52Z","product":"56","description":"1x phone, 4x Дакимакура","cost":{"amount":2366000,"currency":{"name":"Russian rubles","symbolic_code":"RUB","numeric_code":643,"exponent":2}},"context":{"type":"application/json","data":"{\"test\":\"test\"}"}}');
INSERT INTO mst.invoice (id, event_id, merchant_id, shop_id, status, amount, currency_code, created_at, changed_at, model, data) VALUES ('l6MdTNgPku', 13, '74480e4f-1a36-4edd-8175-7a9e984313b0', '1', 'paid', 444000, 'RUB', '2016-10-25 15:45:12.382847', '2016-10-25 15:45:36.171399', '{"1":{"str":"l6MdTNgPku"},"2":{"rec":{"1":{"str":"74480e4f-1a36-4edd-8175-7a9e984313b0"},"2":{"i64":2}}},"3":{"str":"1"},"4":{"str":"2016-10-25T12:45:12.382847Z"},"5":{"i64":1},"6":{"rec":{"2":{"rec":{}}}},"7":{"str":"2016-10-26T12:45:12Z"},"8":{"str":"57"},"9":{"str":"1x Пикачу шляпа"},"10":{"rec":{"1":{"i64":444000},"2":{"rec":{"1":{"str":"Russian rubles"},"2":{"str":"RUB"},"3":{"i16":643},"4":{"i16":2}}}}},"11":{"rec":{"1":{"str":"application/json"},"2":{"str":"eyJ0ZXN0IjoidGVzdCJ9"}}}}', '{"id":"l6MdTNgPku","owner":{"id":"74480e4f-1a36-4edd-8175-7a9e984313b0","revision":2},"shop_id":"1","created_at":"2016-10-25T12:45:12.382847Z","domain_revision":1,"status":{"paid":{}},"due":"2016-10-26T12:45:12Z","product":"57","description":"1x Пикачу шляпа","cost":{"amount":444000,"currency":{"name":"Russian rubles","symbolic_code":"RUB","numeric_code":643,"exponent":2}},"context":{"type":"application/json","data":"{\"test\":\"test\"}"}}');
INSERT INTO mst.invoice (id, event_id, merchant_id, shop_id, status, amount, currency_code, created_at, changed_at, model, data) VALUES ('l6MpE5OUvg', 22, '74480e4f-1a36-4edd-8175-7a9e984313b0', '1', 'paid', 540100, 'RUB', '2016-10-25 15:47:51.543270', '2016-10-25 15:48:47.650962', '{"1":{"str":"l6MpE5OUvg"},"2":{"rec":{"1":{"str":"74480e4f-1a36-4edd-8175-7a9e984313b0"},"2":{"i64":2}}},"3":{"str":"1"},"4":{"str":"2016-10-25T12:47:51.543270Z"},"5":{"i64":1},"6":{"rec":{"2":{"rec":{}}}},"7":{"str":"2016-10-26T12:47:51Z"},"8":{"str":"58"},"9":{"str":"1x Переноска для картошки (белорусская)"},"10":{"rec":{"1":{"i64":540100},"2":{"rec":{"1":{"str":"Russian rubles"},"2":{"str":"RUB"},"3":{"i16":643},"4":{"i16":2}}}}},"11":{"rec":{"1":{"str":"application/json"},"2":{"str":"eyJ0ZXN0IjoidGVzdCJ9"}}}}', '{"id":"l6MpE5OUvg","owner":{"id":"74480e4f-1a36-4edd-8175-7a9e984313b0","revision":2},"shop_id":"1","created_at":"2016-10-25T12:47:51.543270Z","domain_revision":1,"status":{"paid":{}},"due":"2016-10-26T12:47:51Z","product":"58","description":"1x Переноска для картошки (белорусская)","cost":{"amount":540100,"currency":{"name":"Russian rubles","symbolic_code":"RUB","numeric_code":643,"exponent":2}},"context":{"type":"application/json","data":"{\"test\":\"test\"}"}}');
INSERT INTO mst.invoice (id, event_id, merchant_id, shop_id, status, amount, currency_code, created_at, changed_at, model, data) VALUES ('l6Nhd36Msq', 34, '74480e4f-1a36-4edd-8175-7a9e984313b0', '1', 'paid', 2500100, 'RUB', '2016-10-25 16:00:08.284518', '2016-10-25 16:00:43.948338', '{"1":{"str":"l6Nhd36Msq"},"2":{"rec":{"1":{"str":"74480e4f-1a36-4edd-8175-7a9e984313b0"},"2":{"i64":2}}},"3":{"str":"1"},"4":{"str":"2016-10-25T13:00:08.284518Z"},"5":{"i64":1},"6":{"rec":{"2":{"rec":{}}}},"7":{"str":"2016-10-26T13:00:08Z"},"8":{"str":"59"},"9":{"str":"1x Телескопический полностью автоматический пулемет род C-03"},"10":{"rec":{"1":{"i64":2500100},"2":{"rec":{"1":{"str":"Russian rubles"},"2":{"str":"RUB"},"3":{"i16":643},"4":{"i16":2}}}}},"11":{"rec":{"1":{"str":"application/json"},"2":{"str":"eyJ0ZXN0IjoidGVzdCJ9"}}}}', '{"id":"l6Nhd36Msq","owner":{"id":"74480e4f-1a36-4edd-8175-7a9e984313b0","revision":2},"shop_id":"1","created_at":"2016-10-25T13:00:08.284518Z","domain_revision":1,"status":{"paid":{}},"due":"2016-10-26T13:00:08Z","product":"59","description":"1x Телескопический полностью автоматический пулемет род C-03","cost":{"amount":2500100,"currency":{"name":"Russian rubles","symbolic_code":"RUB","numeric_code":643,"exponent":2}},"context":{"type":"application/json","data":"{\"test\":\"test\"}"}}');
INSERT INTO mst.invoice (id, event_id, merchant_id, shop_id, status, amount, currency_code, created_at, changed_at, model, data) VALUES ('l6QVpaDFtw', 55, '74480e4f-1a36-4edd-8175-7a9e984313b0', '1', 'paid', 591000, 'RUB', '2016-10-25 16:39:27.379576', '2016-10-25 16:39:48.293729', '{"1":{"str":"l6QVpaDFtw"},"2":{"rec":{"1":{"str":"74480e4f-1a36-4edd-8175-7a9e984313b0"},"2":{"i64":2}}},"3":{"str":"1"},"4":{"str":"2016-10-25T13:39:27.379576Z"},"5":{"i64":1},"6":{"rec":{"2":{"rec":{}}}},"7":{"str":"2016-10-26T13:39:27Z"},"8":{"str":"61"},"9":{"str":"1x Дакимакура"},"10":{"rec":{"1":{"i64":591000},"2":{"rec":{"1":{"str":"Russian rubles"},"2":{"str":"RUB"},"3":{"i16":643},"4":{"i16":2}}}}},"11":{"rec":{"1":{"str":"application/json"},"2":{"str":"eyJ0ZXN0IjoidGVzdCJ9"}}}}', '{"id":"l6QVpaDFtw","owner":{"id":"74480e4f-1a36-4edd-8175-7a9e984313b0","revision":2},"shop_id":"1","created_at":"2016-10-25T13:39:27.379576Z","domain_revision":1,"status":{"paid":{}},"due":"2016-10-26T13:39:27Z","product":"61","description":"1x Дакимакура","cost":{"amount":591000,"currency":{"name":"Russian rubles","symbolic_code":"RUB","numeric_code":643,"exponent":2}},"context":{"type":"application/json","data":"{\"test\":\"test\"}"}}');
INSERT INTO mst.invoice (id, event_id, merchant_id, shop_id, status, amount, currency_code, created_at, changed_at, model, data) VALUES ('l6Qb6YPVRY', 63, '74480e4f-1a36-4edd-8175-7a9e984313b0', '1', 'unpaid', 591000, 'RUB', '2016-10-25 16:40:38.791082', '2016-10-25 16:40:38.791082', '{"1":{"str":"l6Qb6YPVRY"},"2":{"rec":{"1":{"str":"74480e4f-1a36-4edd-8175-7a9e984313b0"},"2":{"i64":2}}},"3":{"str":"1"},"4":{"str":"2016-10-25T13:40:38.791082Z"},"5":{"i64":1},"6":{"rec":{"1":{"rec":{}}}},"7":{"str":"2016-10-26T13:40:38Z"},"8":{"str":"62"},"9":{"str":"1x Дакимакура"},"10":{"rec":{"1":{"i64":591000},"2":{"rec":{"1":{"str":"Russian rubles"},"2":{"str":"RUB"},"3":{"i16":643},"4":{"i16":2}}}}},"11":{"rec":{"1":{"str":"application/json"},"2":{"str":"eyJ0ZXN0IjoidGVzdCJ9"}}}}', '{"id":"l6Qb6YPVRY","owner":{"id":"74480e4f-1a36-4edd-8175-7a9e984313b0","revision":2},"shop_id":"1","created_at":"2016-10-25T13:40:38.791082Z","domain_revision":1,"status":{"unpaid":{}},"due":"2016-10-26T13:40:38Z","product":"62","description":"1x Дакимакура","cost":{"amount":591000,"currency":{"name":"Russian rubles","symbolic_code":"RUB","numeric_code":643,"exponent":2}},"context":{"type":"application/json","data":"{\"test\":\"test\"}"}}');
INSERT INTO mst.invoice (id, event_id, merchant_id, shop_id, status, amount, currency_code, created_at, changed_at, model, data) VALUES ('l6Op9zzxtw', 43, '74480e4f-1a36-4edd-8175-7a9e984313b0', '1', 'paid', 450000, 'RUB', '2016-10-25 16:15:49.884332', '2016-12-20 18:04:49.050000', '{"1":{"str":"l6Op9zzxtw"},"2":{"rec":{"1":{"str":"74480e4f-1a36-4edd-8175-7a9e984313b0"},"2":{"i64":2}}},"3":{"str":"1"},"4":{"str":"2016-10-25T13:15:49.884332Z"},"5":{"i64":1},"6":{"rec":{"2":{"rec":{}}}},"7":{"str":"2016-10-26T13:15:49Z"},"8":{"str":"60"},"9":{"str":"1x Дубинка резиновая"},"10":{"rec":{"1":{"i64":450000},"2":{"rec":{"1":{"str":"Russian rubles"},"2":{"str":"RUB"},"3":{"i16":643},"4":{"i16":2}}}}},"11":{"rec":{"1":{"str":"application/json"},"2":{"str":"eyJ0ZXN0IjoidGVzdCJ9"}}}}', '{"id":"l6Op9zzxtw","owner":{"id":"74480e4f-1a36-4edd-8175-7a9e984313b0","revision":2},"shop_id":"1","created_at":"2016-10-25T13:15:49.884332Z","domain_revision":1,"status":{"paid":{}},"due":"2016-10-26T13:15:49Z","product":"60","description":"1x Дубинка резиновая","cost":{"amount":450000,"currency":{"name":"Russian rubles","symbolic_code":"RUB","numeric_code":643,"exponent":2}},"context":{"type":"application/json","data":"{\"test\":\"test\"}"}}');

--Payments
INSERT INTO mst.payment (payment_id, event_id, invoice_id, merchant_id, shop_id, customer_id, masked_pan, status, amount, fee, currency_code, payment_system, country_id, city_id, ip, created_at, changed_at, model, data) VALUES ('1', 5, 'l6MKIV4tZQ', '74480e4f-1a36-4edd-8175-7a9e984313b0', '1', 'c647166641620c768f03977aea4e79f6', '0021', 'captured', 2366000, 106470, 'RUB', 'nspkmir', -1, -1, '172.17.0.11', '2016-10-25 15:42:19.002604', '2016-10-25 15:42:22.738494', '{"1":{"str":"1"},"2":{"str":"2016-10-25T12:42:19.002604Z"},"3":{"rec":{"2":{"rec":{}}}},"5":{"rec":{"1":{"rec":{"1":{"rec":{"1":{"str":"62QQ0GffRaVvrb1XgHf571"},"2":{"i32":11},"3":{"str":"220138"},"4":{"str":"0021"}}}}},"2":{"str":"32ylS9JXIbMkLAVfjydyx7"},"3":{"rec":{"1":{"str":"172.17.0.11"},"2":{"str":"c647166641620c768f03977aea4e79f6"}}},"4":{"rec":{"2":{"str":""}}}}},"8":{"rec":{"1":{"i64":2366000},"2":{"rec":{"1":{"str":"Russian rubles"},"2":{"str":"RUB"},"3":{"i16":643},"4":{"i16":2}}}}}}', '{"id":"1","created_at":"2016-10-25T12:42:19.002604Z","status":{"captured":{}},"payer":{"payment_tool":{"bank_card":{"token":"62QQ0GffRaVvrb1XgHf571","payment_system":11,"bin":"220138","masked_pan":"0021"}},"session":"32ylS9JXIbMkLAVfjydyx7","client_info":{"ip_address":"172.17.0.11","fingerprint":"c647166641620c768f03977aea4e79f6"},"contact_info":{"email":""}},"cost":{"amount":2366000,"currency":{"name":"Russian rubles","symbolic_code":"RUB","numeric_code":643,"exponent":2}}}');
INSERT INTO mst.payment (payment_id, event_id, invoice_id, merchant_id, shop_id, customer_id, masked_pan, status, amount, fee, currency_code, payment_system, country_id, city_id, ip, created_at, changed_at, model, data) VALUES ('1', 14, 'l6MdTNgPku', '74480e4f-1a36-4edd-8175-7a9e984313b0', '1', '90b3bd52129ff2a40277445e02b85df3', '0021', 'captured', 444000, 19980, 'RUB', 'nspkmir', -1, -1, '172.17.0.11', '2016-10-25 15:45:32.456564', '2016-10-25 15:45:36.171399', '{"1":{"str":"1"},"2":{"str":"2016-10-25T12:45:32.456564Z"},"3":{"rec":{"2":{"rec":{}}}},"5":{"rec":{"1":{"rec":{"1":{"rec":{"1":{"str":"62QQ0GffRaVvrb1XgHf571"},"2":{"i32":11},"3":{"str":"220138"},"4":{"str":"0021"}}}}},"2":{"str":"3TuZfSUwMCIdaZGlE2tSs0"},"3":{"rec":{"1":{"str":"172.17.0.11"},"2":{"str":"90b3bd52129ff2a40277445e02b85df3"}}},"4":{"rec":{"2":{"str":"i.galeev@rbkmoney.com"}}}}},"8":{"rec":{"1":{"i64":444000},"2":{"rec":{"1":{"str":"Russian rubles"},"2":{"str":"RUB"},"3":{"i16":643},"4":{"i16":2}}}}}}', '{"id":"1","created_at":"2016-10-25T12:45:32.456564Z","status":{"captured":{}},"payer":{"payment_tool":{"bank_card":{"token":"62QQ0GffRaVvrb1XgHf571","payment_system":11,"bin":"220138","masked_pan":"0021"}},"session":"3TuZfSUwMCIdaZGlE2tSs0","client_info":{"ip_address":"172.17.0.11","fingerprint":"90b3bd52129ff2a40277445e02b85df3"},"contact_info":{"email":"i.galeev@rbkmoney.com"}},"cost":{"amount":444000,"currency":{"name":"Russian rubles","symbolic_code":"RUB","numeric_code":643,"exponent":2}}}');
INSERT INTO mst.payment (payment_id, event_id, invoice_id, merchant_id, shop_id, customer_id, masked_pan, status, amount, fee, currency_code, payment_system, country_id, city_id, ip, created_at, changed_at, model, data) VALUES ('1', 23, 'l6MpE5OUvg', '74480e4f-1a36-4edd-8175-7a9e984313b0', '1', '90b3bd52129ff2a40277445e02b85df3', '0021', 'failed', 540100, 24304, 'RUB', 'nspkmir', -1, -1, '172.17.0.11', '2016-10-25 15:48:10.277519', '2016-10-25 15:48:11.894150', '{"1":{"str":"1"},"2":{"str":"2016-10-25T12:48:10.277519Z"},"3":{"rec":{"3":{"rec":{"1":{"rec":{"1":{"str":"302"},"2":{"str":"External decline"}}}}}}},"5":{"rec":{"1":{"rec":{"1":{"rec":{"1":{"str":"62QQ0GffRaVvrb1XgHf571"},"2":{"i32":11},"3":{"str":"220138"},"4":{"str":"0021"}}}}},"2":{"str":"2iKExJIq4a1ukJvhqIAD2d"},"3":{"rec":{"1":{"str":"172.17.0.11"},"2":{"str":"90b3bd52129ff2a40277445e02b85df3"}}},"4":{"rec":{"2":{"str":""}}}}},"8":{"rec":{"1":{"i64":540100},"2":{"rec":{"1":{"str":"Russian rubles"},"2":{"str":"RUB"},"3":{"i16":643},"4":{"i16":2}}}}}}', '{"id":"1","created_at":"2016-10-25T12:48:10.277519Z","status":{"failed":{"err":{"code":"302","description":"External decline"}}},"payer":{"payment_tool":{"bank_card":{"token":"62QQ0GffRaVvrb1XgHf571","payment_system":11,"bin":"220138","masked_pan":"0021"}},"session":"2iKExJIq4a1ukJvhqIAD2d","client_info":{"ip_address":"172.17.0.11","fingerprint":"90b3bd52129ff2a40277445e02b85df3"},"contact_info":{"email":""}},"cost":{"amount":540100,"currency":{"name":"Russian rubles","symbolic_code":"RUB","numeric_code":643,"exponent":2}}}');
INSERT INTO mst.payment (payment_id, event_id, invoice_id, merchant_id, shop_id, customer_id, masked_pan, status, amount, fee, currency_code, payment_system, country_id, city_id, ip, created_at, changed_at, model, data) VALUES ('2', 26, 'l6MpE5OUvg', '74480e4f-1a36-4edd-8175-7a9e984313b0', '2', '90b3bd52129ff2a40277445e02b85df3', '0021', 'captured', 540100, 24304, 'RUB', 'nspkmir', -1, -1, '172.17.0.11', '2016-10-25 15:48:44.234858', '2016-10-25 15:48:47.650962', '{"1":{"str":"2"},"2":{"str":"2016-10-25T12:48:44.234858Z"},"3":{"rec":{"2":{"rec":{}}}},"5":{"rec":{"1":{"rec":{"1":{"rec":{"1":{"str":"62QQ0GffRaVvrb1XgHf571"},"2":{"i32":11},"3":{"str":"220138"},"4":{"str":"0021"}}}}},"2":{"str":"6A9ZRgyyKyKyzf3h7ZEYcq"},"3":{"rec":{"1":{"str":"172.17.0.11"},"2":{"str":"90b3bd52129ff2a40277445e02b85df3"}}},"4":{"rec":{"2":{"str":""}}}}},"8":{"rec":{"1":{"i64":540100},"2":{"rec":{"1":{"str":"Russian rubles"},"2":{"str":"RUB"},"3":{"i16":643},"4":{"i16":2}}}}}}', '{"id":"2","created_at":"2016-10-25T12:48:44.234858Z","status":{"captured":{}},"payer":{"payment_tool":{"bank_card":{"token":"62QQ0GffRaVvrb1XgHf571","payment_system":11,"bin":"220138","masked_pan":"0021"}},"session":"6A9ZRgyyKyKyzf3h7ZEYcq","client_info":{"ip_address":"172.17.0.11","fingerprint":"90b3bd52129ff2a40277445e02b85df3"},"contact_info":{"email":""}},"cost":{"amount":540100,"currency":{"name":"Russian rubles","symbolic_code":"RUB","numeric_code":643,"exponent":2}}}');
INSERT INTO mst.payment (payment_id, event_id, invoice_id, merchant_id, shop_id, customer_id, masked_pan, status, amount, fee, currency_code, payment_system, country_id, city_id, ip, created_at, changed_at, model, data) VALUES ('1', 56, 'l6QVpaDFtw', '74480e4f-1a36-4edd-8175-7a9e984313b0', '2', 'd0ad26fa4879e688b591633ac80ecd85', '0777', 'captured', 591000, 26595, 'RUB', 'visa', -1, -1, '172.17.0.11', '2016-10-25 16:39:45.810125', '2016-10-25 16:39:48.293728', '{"1":{"str":"1"},"2":{"str":"2016-10-25T13:39:45.810125Z"},"3":{"rec":{"2":{"rec":{}}}},"5":{"rec":{"1":{"rec":{"1":{"rec":{"1":{"str":"CmeArO8tUlk6TErU9ejEB"},"2":{"i32":0},"3":{"str":"430000"},"4":{"str":"0777"}}}}},"2":{"str":"67h8ouSQ5XJpFQE5mnmuVf"},"3":{"rec":{"1":{"str":"172.17.0.11"},"2":{"str":"d0ad26fa4879e688b591633ac80ecd85"}}},"4":{"rec":{"2":{"str":""}}}}},"8":{"rec":{"1":{"i64":591000},"2":{"rec":{"1":{"str":"Russian rubles"},"2":{"str":"RUB"},"3":{"i16":643},"4":{"i16":2}}}}}}', '{"id":"1","created_at":"2016-10-25T13:39:45.810125Z","status":{"captured":{}},"payer":{"payment_tool":{"bank_card":{"token":"CmeArO8tUlk6TErU9ejEB","payment_system":0,"bin":"430000","masked_pan":"0777"}},"session":"67h8ouSQ5XJpFQE5mnmuVf","client_info":{"ip_address":"172.17.0.11","fingerprint":"d0ad26fa4879e688b591633ac80ecd85"},"contact_info":{"email":""}},"cost":{"amount":591000,"currency":{"name":"Russian rubles","symbolic_code":"RUB","numeric_code":643,"exponent":2}}}');
INSERT INTO mst.payment (payment_id, event_id, invoice_id, merchant_id, shop_id, customer_id, masked_pan, status, amount, fee, currency_code, payment_system, country_id, city_id, ip, created_at, changed_at, model, data) VALUES ('1', 35, 'l6Nhd36Msq', '74480e4f-1a36-4edd-8175-7a9e984313b0', '2', '90b3bd52129ff2a40277445e02b85df3', '0021', 'captured', 2500100, 112504, 'RUB', 'nspkmir', -1, -1, '172.17.0.11', '2016-10-25 16:00:40.533016', '2016-10-25 16:00:43.948338', '{"1":{"str":"1"},"2":{"str":"2016-10-25T13:00:40.533016Z"},"3":{"rec":{"2":{"rec":{}}}},"5":{"rec":{"1":{"rec":{"1":{"rec":{"1":{"str":"62QQ0GffRaVvrb1XgHf571"},"2":{"i32":11},"3":{"str":"220138"},"4":{"str":"0021"}}}}},"2":{"str":"6FJaPnLBSkCsGyFagqExrY"},"3":{"rec":{"1":{"str":"172.17.0.11"},"2":{"str":"90b3bd52129ff2a40277445e02b85df3"}}},"4":{"rec":{"2":{"str":""}}}}},"8":{"rec":{"1":{"i64":2500100},"2":{"rec":{"1":{"str":"Russian rubles"},"2":{"str":"RUB"},"3":{"i16":643},"4":{"i16":2}}}}}}', '{"id":"1","created_at":"2016-10-25T13:00:40.533016Z","status":{"captured":{}},"payer":{"payment_tool":{"bank_card":{"token":"62QQ0GffRaVvrb1XgHf571","payment_system":11,"bin":"220138","masked_pan":"0021"}},"session":"6FJaPnLBSkCsGyFagqExrY","client_info":{"ip_address":"172.17.0.11","fingerprint":"90b3bd52129ff2a40277445e02b85df3"},"contact_info":{"email":""}},"cost":{"amount":2500100,"currency":{"name":"Russian rubles","symbolic_code":"RUB","numeric_code":643,"exponent":2}}}');
INSERT INTO mst.payment (payment_id, event_id, invoice_id, merchant_id, shop_id, customer_id, masked_pan, status, amount, fee, currency_code, payment_system, country_id, city_id, ip, created_at, changed_at, model, data) VALUES ('1', 44, 'l6Op9zzxtw', '74480e4f-1a36-4edd-8175-7a9e984313b0', '3', '90b3bd52129ff2a40277445e02b85df3', '0777', 'captured', 450000, 20250, 'RUB', 'visa', -1, -1, '172.17.0.11', '2016-10-25 16:16:25.022311', '2016-12-20 18:04:49.050000', '{"1":{"str":"1"},"2":{"str":"2016-10-25T13:16:25.022311Z"},"3":{"rec":{"2":{"rec":{}}}},"5":{"rec":{"1":{"rec":{"1":{"rec":{"1":{"str":"CmeArO8tUlk6TErU9ejEB"},"2":{"i32":0},"3":{"str":"430000"},"4":{"str":"0777"}}}}},"2":{"str":"3k3dbSXMn20UdnU7qhggDg"},"3":{"rec":{"1":{"str":"172.17.0.11"},"2":{"str":"90b3bd52129ff2a40277445e02b85df3"}}},"4":{"rec":{"2":{"str":""}}}}},"8":{"rec":{"1":{"i64":450000},"2":{"rec":{"1":{"str":"Russian rubles"},"2":{"str":"RUB"},"3":{"i16":643},"4":{"i16":2}}}}}}', '{"id":"1","created_at":"2016-10-25T13:16:25.022311Z","status":{"captured":{}},"payer":{"payment_tool":{"bank_card":{"token":"CmeArO8tUlk6TErU9ejEB","payment_system":0,"bin":"430000","masked_pan":"0777"}},"session":"3k3dbSXMn20UdnU7qhggDg","client_info":{"ip_address":"172.17.0.11","fingerprint":"90b3bd52129ff2a40277445e02b85df3"},"contact_info":{"email":""}},"cost":{"amount":450000,"currency":{"name":"Russian rubles","symbolic_code":"RUB","numeric_code":643,"exponent":2}}}');

--Customers
INSERT INTO mst.customer (id, shop_id, merchant_id, created_at) VALUES ('c647166641620c768f03977aea4e79f6', '1', '74480e4f-1a36-4edd-8175-7a9e984313b0', '2016-10-25 15:42:19.002604');
INSERT INTO mst.customer (id, shop_id, merchant_id, created_at) VALUES ('90b3bd52129ff2a40277445e02b85df3', '1', '74480e4f-1a36-4edd-8175-7a9e984313b0', '2016-10-25 15:45:32.456564');
INSERT INTO mst.customer (id, shop_id, merchant_id, created_at) VALUES ('d0ad26fa4879e688b591633ac80ecd85', '1', '74480e4f-1a36-4edd-8175-7a9e984313b0', '2016-10-25 16:39:45.810125');
